"","term","df","sumsq","meansq","statistic","p.value"
"1","sex",1,0.0936947667790532,0.0936947667790532,0.0473119987932883,0.827883865492938
"2","drug_treatment",2,3601.13871089193,1800.56935544597,909.213375523729,1.18406546614829e-180
"3","health_status",1,10788.9049519667,10788.9049519667,5447.95270446702,1.57363490788915e-299
"4","sex:drug_treatment",2,8.19676299403305,4.09838149701653,2.0695138811598,0.127165732821117
"5","sex:health_status",1,4.84823908479622,4.84823908479622,2.44816108321573,0.118200637964877
"6","drug_treatment:health_status",2,2842.14732635621,1421.0736631781,717.583678883624,1.67333118953057e-158
"7","sex:drug_treatment:health_status",2,4.80245982048572,2.40122991024286,1.21252221998397,0.298188716486972
"8","Residuals",588,1164.45139227343,1.98035951066909,NA,NA
